{"initial_reset_timestamp": 1637352859.420083, "timestamps": [1637352861.0490777, 1637352871.6446896, 1637352882.7587142, 1637352896.1694489, 1637352922.1407473, 1637352947.9505339, 1637352975.7591808, 1637353016.0906556, 1637353075.1646333, 1637353138.2700875, 1637353205.2487874, 1637353292.7782822, 1637353406.858886, 1637353523.856008, 1637353616.7916296, 1637353714.6808946, 1637353832.587053, 1637353956.75973, 1637354079.6199217, 1637354204.0120804, 1637354328.320257, 1637354462.2043865, 1637354598.933728, 1637354755.6775863, 1637354918.485583, 1637355088.8780613, 1637355265.0654194, 1637355456.373361, 1637355659.644057, 1637355850.1718898, 1637356054.8181632, 1637356265.8476229, 1637356482.6583533, 1637356700.5281866, 1637356928.269366, 1637357162.4123106, 1637357415.0665927, 1637357677.0021455, 1637357947.464098, 1637358239.6176953, 1637358539.6388206, 1637358851.5634334, 1637359196.650443, 1637359582.3381276, 1637359988.5984812, 1637360369.82389, 1637360774.7423682, 1637361156.3952239, 1637361560.1446357, 1637361969.6894248, 1637362404.229596, 1637362855.2164714, 1637363355.7985785, 1637363818.596458, 1637364277.9715648, 1637364745.7240252, 1637365215.6343527, 1637365687.019297, 1637366166.4468782, 1637366654.079024, 1637367152.688437, 1637367660.0504098, 1637368174.584061, 1637368699.5830464, 1637369240.5435896, 1637369793.0075626, 1637370355.6891081, 1637370928.768359, 1637371514.1532614, 1637372109.28071, 1637372714.307707, 1637373334.3371544, 1637373961.5801754, 1637374590.1407423, 1637375232.1271055, 1637375894.7253296, 1637376577.8341346, 1637377267.422709, 1637377958.4004593, 1637378656.5500345, 1637379376.825074, 1637380113.8601348, 1637380862.243176, 1637381611.8444526, 1637382373.3669906, 1637383147.7258837, 1637383939.7261422, 1637384736.8631957, 1637385550.0125313, 1637386364.530719, 1637387186.895846, 1637388020.5409753, 1637388868.5458431, 1637389765.3185437, 1637390798.288874, 1637391717.3529184, 1637392606.0203578, 1637393503.5109003, 1637394409.484195, 1637395316.7309387, 1637396229.760334, 1637397148.9065914, 1637398069.5562935, 1637399005.0287592, 1637399958.7692404, 1637400924.642792, 1637401903.463924, 1637402888.7770448, 1637403887.6742043, 1637404900.2236187, 1637405923.412588, 1637406948.5139594, 1637407987.2560735, 1637409044.700937, 1637410103.4952505, 1637411179.652491, 1637412259.053045, 1637413352.6907792, 1637414459.4494553, 1637415594.36779, 1637416738.0220582, 1637417891.343723, 1637419056.2521498, 1637420228.1678169, 1637421405.1496527, 1637422584.9681356, 1637423773.0475147, 1637424981.4626403, 1637426199.2657323, 1637427429.2828474, 1637428667.894656, 1637429909.6879694, 1637431162.736385, 1637432437.0418766], "episode_lengths": [1, 38, 5, 9, 53, 6, 8, 47, 89, 25, 50, 61, 124, 14, 11, 53, 81, 7, 29, 19, 29, 31, 26, 95, 27, 31, 35, 44, 7, 21, 35, 31, 44, 34, 47, 31, 89, 46, 41, 105, 39, 57, 151, 81, 30, 41, 6, 44, 33, 90, 78, 43, 33, 82, 23, 40, 10, 6, 38, 39, 53, 42, 35, 50, 77, 57, 49, 50, 60, 47, 48, 73, 35, 6, 64, 100, 100, 33, 6, 33, 107, 83, 55, 6, 56, 63, 86, 25, 77, 7, 37, 54, 69, 103, 63, 6, 39, 43, 40, 6, 27, 29, 6, 71, 89, 60, 63, 31, 65, 67, 52, 9, 65, 91, 7, 83, 16, 68, 64, 136, 45, 47, 56, 34, 24, 13, 39, 98, 47, 58, 42, 14, 55, 102], "episode_rewards": [-200.0, -99.0, -184.0, -168.0, -112.0, -183.0, -189.0, -98.0, -68.0, -140.0, -107.0, -112.0, 55.0, -155.0, -178.0, -108.0, -56.0, -178.0, -128.0, -142.0, -128.0, -130.0, -131.0, -10.0, -134.0, -126.0, -118.0, -125.0, -182.0, -152.0, -126.0, -118.0, -125.0, -135.0, -118.0, -130.0, -28.0, -111.0, -116.0, -36.0, -122.0, -108.0, 26.0, -24.0, -131.0, -116.0, -191.0, -113.0, -132.0, -31.0, -39.0, -122.0, -124.0, -43.0, -138.0, -113.0, -179.0, -175.0, -119.0, -114.0, -112.0, -115.0, -130.0, -111.0, -40.0, -112.0, -108.0, -123.0, -105.0, -110.0, -105.0, -40.0, -130.0, -175.0, -77.0, -25.0, -37.0, -128.0, -175.0, -128.0, 10.0, -26.0, -118.0, -175.0, -105.0, -106.0, -27.0, -148.0, -88.0, -174.0, -132.0, -111.0, -100.0, -2.0, -102.0, -175.0, -126.0, -122.0, -125.0, -175.0, -138.0, -140.0, -175.0, -102.0, -36.0, -121.0, -106.0, -130.0, -128.0, -74.0, -113.0, -176.0, -64.0, -30.0, -174.0, -90.0, -169.0, -89.0, -97.0, -5.0, -116.0, -74.0, -109.0, -115.0, -141.0, -172.0, -114.0, -23.0, -110.0, -103.0, -123.0, -171.0, -122.0, -23.0], "episode_types": ["t", "t", "t", "t", "t", "t", "t", "t", "t", "t", "t", "t", "t", "t", "t", "t", "t", "t", "t", "t", "t", "t", "t", "t", "t", "t", "t", "t", "t", "t", "t", "t", "t", "t", "t", "t", "t", "t", "t", "t", "t", "t", "t", "t", "t", "t", "t", "t", "t", "t", "t", "t", "t", "t", "t", "t", "t", "t", "t", "t", "t", "t", "t", "t", "t", "t", "t", "t", "t", "t", "t", "t", "t", "t", "t", "t", "t", "t", "t", "t", "t", "t", "t", "t", "t", "t", "t", "t", "t", "t", "t", "t", "t", "t", "t", "t", "t", "t", "t", "t", "t", "t", "t", "t", "t", "t", "t", "t", "t", "t", "t", "t", "t", "t", "t", "t", "t", "t", "t", "t", "t", "t", "t", "t", "t", "t", "t", "t", "t", "t", "t", "t", "t", "t"]}