{"initial_reset_timestamp": 32901.803244571, "timestamps": [32925.080351703, 32964.462856952, 33018.081643223, 33086.99368086, 33173.055902464, 33271.135359517, 33379.005844412, 33475.081497259, 33587.92133064, 33761.026013642, 33925.978110362, 34070.124074647, 34278.628469456, 34482.846984284, 34664.348219035, 34900.708793081, 35207.954280656, 35550.997036135, 35856.460148868, 36136.507447289, 36518.376629642, 36837.270626616, 37071.372155705, 37496.820920587, 37943.290436013, 38392.008384719, 38795.999017877, 39160.469300764, 39709.47613408, 40083.228453239, 40456.370873887, 40764.419388124, 41389.472454909, 41781.117157721, 42213.625164739, 42867.936585404, 43239.844886904, 43695.388914495, 44383.784810697, 44904.465529843, 45241.824867067, 45897.525956411, 46705.509473648, 47089.80863288, 47804.552527106, 48529.552998313, 49612.702030851, 50125.311508301, 51230.945473633, 52356.322165357, 53034.857286125, 53866.441930842, 55061.65751734, 56282.065875509, 56825.779835087, 58070.017958086, 58918.139787821, 59768.46925472, 60464.027233482, 61329.870016324, 62103.548722193, 63108.859775549, 64198.832511048, 64837.809373586, 65819.305592042, 66579.399696439, 67667.503189945, 71624.128542871, 71651.834057088, 71714.023920296, 71806.539443619, 71912.153304743, 72030.807125244, 72164.843512971, 72328.989492299, 72488.30998772, 72659.796863949, 72816.921899625, 73036.699813822, 73239.509563952, 73489.934389932, 73774.323518092, 74102.859254522, 74433.494369511, 74747.829963808, 75041.922125031, 75361.529730231, 75687.880793668, 76036.371124007, 76445.928155652, 76905.411359599, 77379.789251814, 77756.084443074, 78252.68173519, 78572.905463859, 79102.949216874, 79595.477854855, 79952.527755014, 80545.398620575, 80993.747726978, 81517.811388134, 82183.618567393, 82792.393550037, 83388.402610709, 83986.999820205, 84610.249263557, 85364.264398137, 86154.492880178, 86667.919801824, 87490.60730709, 88200.755561059, 88914.57562279, 89796.616891855, 90421.090694866, 91361.581392935, 92307.511221396, 93103.747979955, 94022.91004967, 94996.57659297, 95839.132512868, 96712.03306443, 97714.978467132, 98803.97629843, 99858.871252231, 100922.742578282, 101663.522293239, 102777.097191829, 103897.464731965, 105184.004056915, 106473.144308961, 107405.604473932, 108692.483507276, 110003.449430978, 111058.599961538, 112425.153108258, 113694.57073962, 114882.640025842, 116034.360356029, 117206.852336081, 118398.334796634, 119662.757908884, 120616.964630299, 122095.889404976, 123618.536864947, 125162.074886944, 125883.621231023, 127087.942287437, 128384.989424932, 129959.504725276, 131277.146047155, 132894.748106683, 134549.495216846, 135782.845631638, 136720.605394262, 137722.998311561, 138788.476031989, 140429.746959446, 142057.556646108, 143595.170658416, 145238.965194388, 146834.953070338, 148452.522230395, 150051.697167235, 151663.628986768, 153506.064568104, 155379.335437254, 157046.269818376, 158615.052149125, 160488.345536376], "episode_lengths": [97, 82, 67, 74, 141, 54, 71, 71, 69, 159, 57, 65, 53, 65, 55, 57, 53, 164, 53, 52, 51, 59, 42, 48, 65, 24, 252, 88, 58, 58, 67, 132, 63, 71, 15, 27, 57, 52, 58, 138, 65, 73, 116, 72, 67, 60, 938, 51, 4, 68, 98, 155, 50, 49, 57, 86, 116, 21, 150, 18, 69, 66, 69, 27, 133, 46, 88, 62, 54, 147, 135, 53, 53, 72, 129, 52, 52, 65, 123, 112, 39, 111, 50, 61, 116, 106, 114, 56, 92, 45, 109, 39, 111, 50, 45, 99, 99, 47, 104, 41, 109, 119, 121, 109, 45, 104, 39, 132, 145, 37, 120, 47, 41, 137, 40, 73, 98, 111, 40, 83, 106, 39, 106, 120, 125, 144, 84, 75, 130, 110, 57, 40, 41, 45, 120, 94, 113, 119, 114, 114, 46, 49, 42, 49, 45, 53, 42, 116, 50, 123, 86, 40, 16, 45, 20, 56, 41, 41, 120, 59, 51, 45, 96, 102, 89, 45, 93, 93, 148], "episode_rewards": [-250.0, -200.0, -250.0, -250.0, -250.0, -150.0, 50.0, 0.0, -250.0, 1100.0, -300.0, -50.0, -250.0, -200.0, -250.0, -200.0, -300.0, 1100.0, -150.0, -250.0, -300.0, -250.0, -300.0, -250.0, -300.0, -300.0, 750.0, -150.0, -300.0, -250.0, 50.0, 1000.0, 50.0, 0.0, -250.0, -300.0, -250.0, -300.0, 0.0, -250.0, 100.0, -150.0, -300.0, -250.0, 50.0, -200.0, 1350.0, -300.0, -300.0, -200.0, -250.0, 950.0, -250.0, -200.0, -150.0, 400.0, -300.0, -300.0, -100.0, -50.0, -300.0, 50.0, 50.0, -100.0, -150.0, -300.0, 50.0, 15.0, -70.0, 3060.0, 1430.0, 110.0, -110.0, 75.0, 1515.0, -15.0, -125.0, 180.0, 1420.0, 1040.0, -205.0, 1240.0, -45.0, -110.0, 1155.0, 1180.0, 1200.0, 30.0, 945.0, -25.0, 1300.0, -210.0, 1085.0, 140.0, 15.0, 1245.0, 945.0, -105.0, -60.0, -160.0, 1105.0, 1090.0, 1395.0, 1115.0, 35.0, 1150.0, -95.0, 130.0, 460.0, -130.0, 1160.0, -170.0, -155.0, 1405.0, -50.0, 365.0, 1260.0, 2930.0, -115.0, 1140.0, 1175.0, -10.0, 1385.0, 3000.0, 3045.0, 3105.0, 1045.0, 895.0, 1395.0, 1180.0, -150.0, -145.0, -190.0, -55.0, 1440.0, 1150.0, 1065.0, 1190.0, 1285.0, 1360.0, -55.0, -155.0, -195.0, 70.0, 20.0, 40.0, -110.0, 1120.0, 20.0, 2990.0, 2585.0, -65.0, -220.0, -125.0, -230.0, 95.0, -145.0, -170.0, 3030.0, -20.0, -55.0, -105.0, 1295.0, 1190.0, 1270.0, -115.0, 1250.0, 1240.0, 1510.0], "episode_types": ["t", "t", "t", "t", "t", "t", "t", "t", "t", "t", "t", "t", "t", "t", "t", "t", "t", "t", "t", "t", "t", "t", "t", "t", "t", "t", "t", "t", "t", "t", "t", "t", "t", "t", "t", "t", "t", "t", "t", "t", "t", "t", "t", "t", "t", "t", "t", "t", "t", "t", "t", "t", "t", "t", "t", "t", "t", "t", "t", "t", "t", "t", "t", "t", "t", "t", "t", "t", "t", "t", "t", "t", "t", "t", "t", "t", "t", "t", "t", "t", "t", "t", "t", "t", "t", "t", "t", "t", "t", "t", "t", "t", "t", "t", "t", "t", "t", "t", "t", "t", "t", "t", "t", "t", "t", "t", "t", "t", "t", "t", "t", "t", "t", "t", "t", "t", "t", "t", "t", "t", "t", "t", "t", "t", "t", "t", "t", "t", "t", "t", "t", "t", "t", "t", "t", "t", "t", "t", "t", "t", "t", "t", "t", "t", "t", "t", "t", "t", "t", "t", "t", "t", "t", "t", "t", "t", "t", "t", "t", "t", "t", "t", "t", "t", "t", "t", "t", "t", "t"]}
